{"cameraMode":{"drawMode":0,"name":"Shaded","section":"Shading Mode"},"sceneLighting":true,"audioPlay":false,"sceneViewState":{"showFog":false,"showMaterialUpdate":false,"showSkybox":false,"showFlares":false,"showImageEffects":false,"showParticleSystems":false},"in2DMode":false,"pivot":{"x":7.2965497970581059,"y":-1.3284611701965333,"z":5.704526901245117},"rotation":{"x":0.09611307829618454,"y":0.03134456276893616,"z":-0.0030282684601843359,"w":0.9948723912239075},"size":33.457725524902347,"orthographic":false}